Epoch,Train_Loss,Val_Loss
1,2744.3418189891872,2087.8999165852865
2,2446.909091230752,1780.9118815104166
3,2250.0276701554008,1808.3481577555337
4,2080.5710749971695,1697.1955271402994
5,1955.2577762327332,1607.9112864176432
6,1852.6240822612376,1570.7541025797525
7,1754.0591492583785,1487.5298899332681
8,1683.8350286069124,1464.4702453613281
9,1622.4913582179856,1395.2372833251952
10,1563.4159223031306,1364.4821940104166
11,1509.0087819859602,1332.1085144042968
12,1467.217600946841,1310.2902211507162
13,1433.3699115255604,1279.1593221028645
14,1404.5199341704879,1261.674405924479
15,1384.332717674366,1257.2438710530598
16,1370.6537758647532,1243.2748138427735
17,1358.3797965671706,1231.4105662027994
18,1353.975048120471,1228.167416381836
19,1337.6777763919554,1219.380091349284
20,1330.4157838683197,1212.6381286621095
21,1328.7550937818444,1209.6633422851562
22,1322.6557741026947,1211.9184448242188
23,1319.1536843120189,1199.3397654215494
24,1314.5905259726703,1203.3775939941406
25,1313.3738991557689,1203.8411224365234
26,1316.4446986101675,1200.2370930989584
27,1315.1044271717901,1210.628019205729
28,1303.801337864088,1201.0528330485026
29,1310.5002728890681,1197.3720672607421
30,1306.4245742576709,1194.0569132486978
31,1306.688764931499,1190.6300974527994
32,1299.856247169384,1186.802305094401
33,1303.2254590020664,1190.819751993815
34,1305.9068280648494,1185.0080037434896
35,1299.7389782891757,1174.5091105143229
36,1289.3379423721976,1171.2922383626303
37,1294.018046061198,1167.2912048339845
38,1281.9187538036401,1156.5423675537108
39,1290.9905696260757,1147.115185546875
40,1279.5926624242811,1149.4608225504558
41,1280.7422724184783,1146.9838500976562
42,1274.7637939453125,1140.7698659261068
43,1271.7804083340409,1139.3931437174479
44,1277.625833262568,1136.4995564778646
45,1271.6467749554179,1138.0398162841798
46,1269.6334224092789,1131.3293782552084
47,1272.7381972160892,1128.3857615152995
48,1267.7661411451256,1124.2525899251302
49,1271.8703330219655,1125.806260172526
50,1263.4018705063972,1120.940273030599
51,1252.2058580923772,1108.756419881185
52,1260.4174632196841,1122.3446767171224
53,1251.3282315903816,1115.0479024251301
54,1254.1782611349354,1114.6621795654296
55,1248.0447339044101,1108.673758951823
56,1260.9487574480581,1107.2913126627604
57,1259.0550674217334,1104.1348520914714
58,1243.358618694803,1096.4979075113931
59,1242.8530600727468,1106.9775370279947
60,1242.810232853544,1102.2932545979818
61,1238.0849339581919,1100.411361694336
62,1245.9521563986073,1106.0537322998048
63,1242.235256029212,1096.4369689941407
64,1240.6956251946049,1085.3173075358072
65,1232.3041151848392,1092.27204691569
66,1241.3357216655345,1092.8169789632161
67,1240.1351300668025,1085.7342793782552
68,1231.8917369013247,1082.8867167154947
69,1228.0980397100034,1089.873550415039
70,1233.1966216598732,1090.233159383138
71,1226.9230470519135,1085.5472595214844
72,1222.7926383640456,1074.999041748047
73,1235.3183496447577,1086.1721354166666
74,1215.4414195185122,1076.7498006184896
75,1224.4343929567199,1083.8363657633463
76,1222.3879602404609,1073.8460947672527
77,1215.331489894701,1073.1268819173176
78,1227.4096759298573,1077.51484375
79,1220.5285648954086,1080.288016764323
80,1226.2532795339391,1076.415421549479
81,1227.3136499377265,1080.1094746907552
82,1226.1382795693219,1075.3127146402994
83,1213.3558654785156,1068.180926513672
84,1215.9355915456579,1067.352392578125
85,1212.6845353720844,1078.969276936849
86,1206.883247707201,1066.4177317301433
87,1214.5959720335145,1066.4004943847656
88,1217.3486801368604,1075.8377950032552
89,1220.03491387851,1074.2830657958984
90,1220.9399064658344,1057.2771545410155
91,1202.3197605298913,1065.459297688802
92,1216.3271351689878,1060.6196156819663
93,1212.5333667699842,1070.3482899983724
94,1211.3756744827049,1063.4508026123046
95,1214.6414383597996,1069.7065002441407
96,1205.4805616295855,1060.144145711263
97,1205.9235915031986,1064.6395721435547
98,1205.8861504153929,1061.992739868164
99,1219.2727953040082,1066.0806966145833
100,1214.186053732167,1070.6667195638022
101,1207.737133965976,1070.4963033040365
102,1204.0200027244678,1053.1402384440105
103,1206.1920882515285,1067.0834635416666
104,1196.0855390023494,1061.57316792806
105,1198.3449096679688,1063.1931905110678
106,1213.2361122905345,1061.2448832194011
107,1199.3967457646909,1061.2205749511718
108,1203.5038730787194,1067.2700052897135
109,1213.5909790923629,1070.406216430664
110,1216.297334090523,1058.944228108724
111,1208.0595075082088,1065.8962534586587
112,1202.1508364470108,1066.1440806070964
113,1211.5340775199559,1066.2996917724608
114,1207.2460994996886,1066.4455790201823
115,1214.0101420084636,1060.5270975748697
116,1206.3979279891305,1053.7043721516927
117,1193.8353850876076,1067.7027557373046
118,1211.9767933721128,1064.6632853190104
119,1200.215234728827,1067.2955759684244
120,1196.799850685009,1058.0656524658202
121,1200.4961919369905,1070.4817515055338
122,1200.7080741550612,1053.7741282145182
123,1204.972333382869,1046.3436024983723
124,1206.6891028362772,1050.8235209147135
125,1210.5957402768342,1074.6788553873698
126,1202.2975251570992,1060.4172637939453
127,1202.9793099665987,1067.0804697672527
128,1195.4692055522532,1063.7953643798828
129,1203.9076162144759,1057.3075724283854
130,1192.2656351725261,1054.2965698242188
131,1201.6657869643059,1051.9427317301431
132,1197.400564884794,1059.4122100830077
133,1195.3320591138756,1067.709945678711
134,1201.9529737389605,1056.5504384358724
135,1198.9579392585201,1046.5828521728515
136,1205.3763414465864,1058.3054158528646
137,1205.1501765596695,1056.4433034261067
138,1192.2928533139436,1062.960028076172
139,1197.665826327559,1056.7249216715495
140,1205.2852575329766,1050.6837290445962
141,1191.333574820256,1053.060428873698
142,1201.770537003227,1062.9251973470052
143,1197.5513593148494,1056.513967895508
144,1209.4682882557745,1069.535050455729
145,1198.9110501054404,1060.477156575521
146,1202.3352807086446,1054.3454528808593
147,1194.8892579009566,1053.681553141276
148,1203.5428639287534,1059.331142171224
149,1188.9945130279098,1053.4354319254558
150,1196.1840957420459,1051.568724568685
151,1205.16430487149,1060.1035390218099
152,1200.7261525029721,1054.1164571126303
153,1203.2866511690445,1053.7750172932942
154,1190.1928427875905,1051.5301259358723
155,1197.8644431293874,1055.9894785563151
156,1188.671188575634,1053.8269805908203
157,1196.6162357053895,1044.778667195638
158,1199.4075927734375,1052.6895690917968
159,1197.8833016658175,1054.3970733642577
160,1201.1630394977071,1049.6215911865233
161,1198.0074113486469,1060.3442698160807
162,1192.525704646456,1062.2375223795573
163,1195.6415909476902,1053.3335408528646
164,1194.3945737092392,1058.4690266927084
165,1195.7106239208276,1051.992379760742
166,1191.4942724255548,1052.7302815755208
167,1190.8071974602299,1039.8492553710937
168,1198.4306998874831,1059.0086537679038
169,1199.7609889818275,1053.924627685547
170,1191.2131259199502,1060.4666727701822
171,1183.1204471311707,1062.305180867513
172,1190.0929260253906,1048.852369181315
173,1186.7767201299253,1053.0886342366537
174,1195.219702679178,1051.883637491862
175,1196.2325134277344,1050.7262135823569
176,1196.5380496702332,1050.733437093099
177,1199.4636902740035,1046.7763387044272
178,1189.0580311650815,1056.9064615885416
179,1184.252489172894,1052.7657989501954
180,1192.1611447541611,1047.648457845052
181,1187.8793989540875,1049.3458841959634
182,1184.1248398932858,1046.8587158203125
183,1187.3573603975601,1047.339442952474
184,1183.9025613536005,1067.8679972330729
185,1191.1800019637399,1062.9637959798176
186,1193.8682268667912,1044.6298227945963
187,1179.4062411543252,1048.4742655436198
188,1199.5469364774399,1046.6684977213542
189,1183.5376237509906,1042.1720815022786
190,1197.1368200329766,1056.2497772216798
191,1194.291964765908,1040.320458984375
192,1190.415330969769,1051.5527506510416
193,1199.1909387560859,1059.8659444173177
194,1186.655073525249,1052.080615234375
195,1197.0589197131171,1059.24885152181
196,1204.1301955071049,1040.1528462727865
197,1195.9947213435519,1059.5989003499349
198,1200.8834078139153,1069.5912872314452
199,1187.4899336220562,1054.2087595621745
200,1187.8955144467561,1056.1873179117838
201,1189.472372967264,1045.4312377929687
202,1186.8173549486244,1051.2871653238933
203,1199.838235606318,1056.1390604654948
204,1188.0421323914459,1047.3679962158203
205,1194.9596491274626,1053.6930704752604
206,1200.976665109828,1043.8047241210938
207,1187.1091503198595,1047.8081481933593
208,1186.8763892132304,1035.0744588216146
209,1187.0570201044497,1054.591658528646
210,1193.1437453117924,1054.756416829427
211,1196.1916800236356,1043.2070231119792
212,1195.4124547986016,1053.4847880045572
213,1188.2770571501358,1045.442236328125
214,1189.3302134638247,1040.3683766682943
215,1184.7173749398494,1049.9521697998048
216,1179.9344699140909,1039.572548421224
217,1190.5403150475543,1057.914969889323
218,1185.2484440457993,1038.0202189127604
219,1180.073901190274,1034.9476389567058
220,1185.6553968346636,1040.857601928711
221,1188.2100754889889,1046.1741658528647
222,1187.187481424083,1043.6295674641926
223,1182.7082829129868,1063.4247670491536
224,1184.8028546761775,1040.2905883789062
225,1183.3617456408515,1040.1172302246093
226,1187.0646804588428,1046.2538411458333
227,1189.1164196954257,1039.274321492513
228,1184.0400602921195,1045.5580078125
229,1187.5193928151891,1045.0397654215494
230,1183.2418027131455,1042.616141764323
231,1201.3021810780401,1051.6823272705078
232,1192.7632176495981,1054.8158945719401
233,1196.1929405322974,1052.8519663492839
234,1184.874218042346,1044.7261240641276
235,1180.0233777916949,1042.9654846191406
236,1187.6656405683877,1058.174126180013
237,1183.2788006326427,1042.6443277994792
238,1188.2292887369792,1043.7239196777343
239,1185.9317883477695,1055.7607432047525
240,1179.804032035496,1050.322317504883
241,1186.901466259058,1056.308647664388
242,1182.4578972415648,1039.2182657877604
243,1185.3899854577105,1034.4553344726562
244,1180.8815772015116,1045.0443522135417
245,1185.6898109325464,1039.9918986002604
246,1189.016188469486,1038.868325805664
247,1181.3192063483639,1040.1706481933593
248,1197.4100319682689,1064.0512817382812
249,1190.9028156667516,1053.478554280599
250,1187.7977777011154,1047.274642944336
251,1191.1491557687953,1043.4085286458333
252,1185.5994116741679,1038.2682607014974
253,1184.044486667799,1053.2340911865235
254,1186.851338704427,1040.023866780599
255,1188.4917186792345,1046.6615244547527
256,1194.8507199494736,1042.9477294921876
257,1184.6651885544045,1040.5723927815754
258,1185.6455661939538,1038.7213134765625
259,1180.3766634291496,1033.310284423828
260,1183.9218121957088,1044.877007039388
261,1186.5022804149683,1046.7158660888672
262,1182.3025039451709,1042.9007843017578
263,1192.5780714836674,1037.5559549967447
264,1176.3651954540308,1038.7592407226562
265,1185.2593083036118,1042.7174916585286
266,1187.8551365949106,1038.8083628336587
267,1186.9818486752717,1030.4007080078125
268,1170.5483301135077,1024.6263987223308
269,1176.7057994897814,1034.0452565511068
270,1194.0067275779834,1047.3589518229167
271,1184.1191693734431,1034.1244150797527
272,1180.9854325004246,1029.2875600179036
273,1184.8390250827956,1035.7095123291015
274,1185.248052182405,1028.3455637613931
275,1182.5308373492696,1032.9600046793619
276,1178.4313885232677,1030.9289052327474
277,1176.0344229435575,1044.1248952229819
278,1183.6528948355412,1030.0430460611979
279,1181.4767305678215,1031.983071899414
280,1179.8418614484262,1041.0817932128907
281,1182.2579588959184,1035.8316009521484
282,1170.9292222175045,1020.6745910644531
283,1175.3279162420743,1044.3385264078777
284,1181.475760197294,1032.7932454427084
285,1175.1260398090749,1034.6341766357423
286,1190.2817413772361,1034.8034210205078
287,1183.9983299365942,1039.9178670247395
288,1178.2497403794441,1031.997694905599
289,1172.2102957462919,1055.1581370035808
290,1185.025709953861,1040.4169372558595
291,1182.4475809733074,1035.6072062174478
292,1173.7972106933594,1033.3420725504557
293,1171.9254115007925,1036.4206471761067
294,1175.4142916029778,1035.019970703125
295,1179.0306215148041,1039.3073608398438
296,1171.515112835428,1029.6369130452474
297,1172.3740853572237,1032.584174601237
298,1176.9646212812784,1037.5094767252604
299,1171.5089593417404,1031.8507873535157
300,1186.662823220958,1031.2819498697916
301,1168.9997222458107,1027.1417388916016
302,1184.5719184322634,1029.8400980631511
303,1184.7636024364526,1027.4339182535807
304,1174.4825695977695,1038.8814524332681
305,1181.8363921676857,1055.8107584635416
306,1190.3649526402571,1038.5557250976562
307,1178.7726121985395,1031.040609741211
308,1176.2680266007133,1031.2216522216797
309,1169.2657152258832,1039.572455851237
310,1190.7725922957711,1040.512991333008
311,1182.5611996858017,1036.7204162597657
312,1181.0055935624716,1037.07868754069
313,1170.394184499547,1029.735701497396
314,1179.2408588796422,1033.9992960611978
315,1170.7772694463315,1022.7535675048828
316,1164.6236842058706,1038.9483327229818
317,1176.4546323029892,1025.342197672526
318,1165.9119696133378,1029.0897440592448
319,1175.3031580828238,1024.057064819336
320,1170.1946136916893,1012.5799641927083
321,1181.8187804291215,1027.5297932942708
322,1174.7538673290308,1047.2643381754558
323,1165.838039232337,1015.7104359944661
324,1178.8082018866055,1034.6948720296225
325,1175.7498677571614,1022.0952707926432
326,1167.1360968990602,1037.522602335612
327,1180.1984765978827,1018.4658559163412
328,1169.1121892514436,1027.052996826172
329,1163.8561923262002,1019.9429677327474
330,1172.9940362460372,1025.4334401448568
331,1176.572122325068,1022.6210978190104
332,1163.5242738585541,1025.3429219563802
333,1172.5616729294045,1028.9507904052734
334,1169.1182029834692,1012.5619110107422
335,1171.0779485287874,1011.1784708658854
336,1170.2504798778589,1022.513905843099
337,1168.0422190790591,1021.9293975830078
338,1177.7261087168818,1020.36220703125
339,1182.3455907849298,1027.334912109375
340,1176.7812964397929,1024.573193359375
341,1167.5413393766983,1020.9272664388021
342,1163.2561800307121,1015.2905792236328
343,1170.6092781398606,1009.5681762695312
344,1163.81372247226,1030.8947967529298
345,1176.0119000863338,1017.2391713460287
346,1173.1650085449219,1015.8684763590495
347,1166.876364003057,1009.2032389322917
348,1170.0932166058085,1022.0002827962239
349,1165.1521425108979,1026.2145151774089
350,1175.8586792876754,1029.6413197835286
351,1171.2053890504699,1036.1513793945312
352,1157.4674788765285,1034.5407928466798
353,1162.7011647984602,1011.8160034179688
354,1168.4815864010134,1019.9870452880859
355,1169.7623932327049,1047.1078369140625
356,1170.5381664331408,1030.3372151692708
357,1161.4432448235111,1017.4072194417317
358,1158.7929793648098,1024.755191040039
359,1168.5377029197803,1022.3113911946615
360,1174.3609110514324,1021.6074879964193
361,1159.9354960123699,1018.0315012613933
362,1167.0753479003906,1013.5448750813802
363,1170.1847994154778,1019.8798329671224
364,1170.3656408337579,1019.8266693115235
365,1175.3488698765852,1027.0764302571615
366,1176.1430814438972,1024.214021809896
367,1172.0003109254699,1027.6485219319661
368,1166.2744742130888,1016.8539337158203
369,1170.2593113995981,1015.2589324951172
370,1177.337420919667,1016.5735076904297
371,1162.2667461892834,1014.9012868245443
372,1167.3934423474298,1015.9768463134766
373,1171.0032118645267,1030.576958211263
374,1165.082369154778,1036.5766174316407
375,1174.8060408882473,1021.679741414388
376,1169.2918413687444,1027.1240814208984
377,1171.944576539855,1017.3246348063151
378,1160.8577814516814,1008.7928161621094
379,1165.9697071020155,1035.0825510660807
380,1168.0682373046875,1013.9556579589844
381,1172.130104838938,1013.6471913655599
382,1165.0029646279156,1026.2118520100912
383,1155.7500592660213,1021.1900431315104
384,1159.995342752208,1022.2909434000651
385,1162.6565379267154,1030.0759908040366
386,1169.246904898381,1014.1616719563802
387,1153.8903954547384,1017.8184305826823
388,1163.5043489760246,1024.9629130045573
389,1166.2714489923007,1020.4044759114583
390,1161.5526176120925,1012.8433675130208
391,1159.5881179588428,1022.9963063557942
392,1155.405756411345,1020.6879221598307
393,1178.431123153023,1025.3721984863282
394,1157.22961160411,1010.4959543863932
395,1159.2921978494396,1016.7300109863281
396,1162.8533219047215,1013.6948384602864
397,1158.8965148925781,1015.2648783365886
398,1153.4944077643795,1018.7047637939453
399,1163.5749759397645,1011.9642211914063
400,1165.1523194243941,1016.9209035237631
401,1171.7070002901382,1019.5367421468098
402,1168.8296725508096,1013.3850107828777
403,1171.3154420714447,1008.5613189697266
404,1164.9558193925498,1015.2623036702474
405,1155.8399556477864,1007.5431416829427
406,1168.2767413595448,1022.8520935058593
407,1158.8972437761831,1012.7568593343099
408,1149.2893623683763,1016.4431569417318
409,1175.4317454462466,1021.6476888020833
410,1173.2254284844882,1013.0137512207032
411,1164.1576042728148,1013.0620269775391
412,1159.5261217200239,1027.2138559977213
413,1167.6149836001189,1041.5107381184896
414,1163.2227924733922,1035.7669423421223
415,1154.5640214560688,1009.2621409098307
416,1161.3593643851902,999.7719278971355
417,1146.6364578025928,1024.5927164713542
418,1164.5048890044723,1018.7052103678385
419,1162.1363149449446,1019.8551493326823
420,1168.6306413291156,1017.3769358317057
421,1159.1782443281534,1004.6665974934896
422,1162.78003460428,1018.8350179036458
423,1164.1759913347769,1013.04873046875
424,1159.8349826094034,1033.5058471679688
425,1166.1510177833447,1019.5802500406901
426,1151.6865296294723,1014.7466908772786
427,1164.4203933494678,1012.4751790364584
428,1158.2352414338486,1018.6520111083985
429,1154.4058271767437,1014.2297607421875
430,1155.2906786047895,1013.5513732910156
431,1166.1258925285892,1009.2573872884115
432,1165.9982021165931,1031.4541046142579
433,1165.2439690189085,1017.8639689127605
434,1164.5013109290082,1024.9160766601562
435,1164.1912209331126,1018.7385040283203
436,1170.7244169815726,1004.7765930175781
437,1155.6155749334805,1028.1319610595704
438,1149.9791870117188,1022.4047495524088
439,1159.2875507741735,1018.5997772216797
440,1159.4003693953805,1026.2652282714844
441,1160.1586002957993,1007.2266774495442
442,1168.1228920756907,1036.8556915283202
443,1161.3681065656137,1018.8389027913412
444,1153.8544037307518,1016.4789326985677
445,1174.149437945822,1016.8852691650391
446,1170.4234946430593,1008.9245656331381
447,1170.2361175979393,1016.1980550130208
448,1155.7737652322521,1023.3234100341797
449,1158.3129546676857,1017.897417195638
450,1179.2993818642437,1005.617978922526
451,1155.8214208630548,1012.5044891357422
452,1154.2272812110791,1005.270171101888
453,1159.1112923000169,1004.6648417154948
454,1163.3177415046139,1002.9234405517578
455,1163.566508859828,1005.3526560465494
456,1167.9885912909024,1027.7201599121095
457,1165.2194426163383,1007.4270100911458
458,1165.1212083014889,1005.5791971842448
459,1162.1314405358355,1008.590157063802
460,1171.2930718021116,1023.5075490315755
461,1164.4725235648777,1012.8529296875
462,1157.2634609056556,1010.3702941894531
463,1169.4741361313972,1022.7216298421224
464,1159.6866746985395,1021.1939290364584
465,1167.5517578125,1006.6383483886718
466,1157.8855635048687,1020.1202056884765
467,1170.8695240850034,1011.507866414388
468,1160.9120386096015,1026.6030487060548
469,1167.7191993602808,1017.650801595052
470,1167.1359965006511,1020.2244588216146
471,1157.1622141962466,1012.8413472493489
472,1160.4926877229111,1017.4659200032552
473,1160.0801506595335,1020.2704182942708
474,1167.2136013749716,1010.5057871500651
475,1164.9014030124831,1021.1502014160156
476,1154.8669362828352,1017.8920084635416
477,1160.4820415109828,1020.1306498209635
478,1158.5110517861187,1008.5856282552083
479,1157.7521893045177,1014.3030497233073
480,1147.6401610443559,1017.1740671793619
481,1151.6919347790704,1020.0513458251953
482,1157.8630481664686,1028.8371337890626
483,1165.1509430373924,1014.3660715738932
484,1165.6313795006793,1013.8100718180339
485,1155.0002600628397,1011.5794291178386
486,1162.1243785913439,1019.9262919108073
487,1170.0599148515341,1021.8070170084635
488,1167.1562818444293,1019.1842142740885
489,1156.4051619819973,1020.3215199788411
490,1171.4840680550838,1029.1042704264323
491,1170.9848000346751,1016.5986562093099
492,1161.0538515837295,1005.7584604899089
493,1164.8725024237149,1008.8079854329427
494,1157.4855328988338,1011.7854125976562
495,1163.7776175236356,1015.3511596679688
496,1159.2750120301178,1010.8216328938802
497,1168.853741189708,1011.2269429524739
498,1155.5435897163723,1003.6444356282552
499,1156.9854307312896,1017.208251953125
500,1165.8282178795855,1020.404448445638
501,1156.1169026692708,1028.2801513671875
502,1165.2399367180424,1009.5354888916015
503,1152.9053296075351,1007.8381530761719
504,1168.341497891191,1017.3214609781901
505,1153.3729902626812,1009.3331502278646
506,1162.000655464504,1009.8480499267578
507,1169.848530202672,1024.1785430908203
508,1157.6975088810575,1010.6139821370442
509,1160.7672986016757,1011.7459818522135
510,1160.4679804262908,1016.1604787190755
511,1164.9894908960314,1012.1486796061198
512,1150.9600759312727,1005.5153350830078
513,1160.264971304631,1015.5442179361979
514,1154.5465822081635,1018.9987955729167
515,1155.5198337720788,1014.3802795410156
516,1167.9008625417516,1009.6529022216797
517,1156.9783387115035,1011.4519399007162
518,1158.6858073801234,1014.2519785563151
519,1155.4526902350826,1014.9982594807942
520,1165.1189769800158,1004.9426177978515
521,1172.210126351619,1014.4060129801433
522,1159.8011275581691,1016.2544677734375
523,1151.7966609346695,1013.7674306233724
524,1157.2072961779609,1018.742002360026
525,1164.0382734658062,1011.7843912760417
526,1161.9732520061991,1020.5706380208334
527,1160.9346300208051,1015.3130360921224
528,1150.8030780294666,1007.1392751057942
529,1157.6855397984602,997.1604258219401
530,1157.9836385975714,1002.2050964355469
531,1165.5948756121206,1006.2580800374349
532,1161.4128577190897,1005.129204305013
533,1158.8902176566746,1011.9748474121094
534,1171.2217168393342,1010.1459452311198
535,1147.835772085881,1000.9397115071614
536,1169.7195111703181,1018.0502868652344
537,1155.2255854952164,1010.1669545491536
538,1159.0438219153364,1008.1316802978515
539,1154.5719069328861,1004.1051005045573
540,1164.2004421068275,1009.7224914550782
541,1160.406147390172,1015.6603841145833
542,1155.8330891927083,1022.6493998209636
543,1156.6014165463655,1021.9253509521484
544,1154.521267655967,1004.4081268310547
545,1156.9439029417176,1019.9298451741537
546,1169.0885403398154,1016.3248423258464
547,1154.6281587904778,1018.6819854736328
548,1161.4559803838315,1011.7280954996745
549,1143.9526738705842,1001.4808085123698
550,1166.7716864986696,1012.7877136230469
551,1161.8353908372962,1018.9359141031902
552,1156.3408525992131,1006.5022633870443
553,1155.3409976682801,1024.437803141276
554,1164.3712255505548,1019.4225941975911
555,1153.6302494657211,1003.7470499674479
556,1161.4435822860055,1015.3579060872396
557,1160.4356928286345,1011.247373453776
558,1169.9758473271909,1012.5718892415365
559,1147.2569823334184,998.1235178629557
560,1156.5806097500565,1010.6966878255208
561,1167.22363635077,1018.4186614990234
562,1146.2571061728656,1012.063422648112
563,1153.6728382939878,1002.2729949951172
564,1159.0198921535325,1016.3702962239583
565,1153.73461737149,1003.8098642985026
566,1163.8469839787138,1009.9245483398438
567,1149.7545263318048,1005.5341247558594
568,1152.0548462798629,1002.2811065673828
569,1169.558544214221,1012.0772104899089
570,1161.585696897645,1022.7008544921875
571,1168.8717607138813,1000.4850545247396
572,1165.7519902768342,1003.8905619303385
573,1157.8460215692935,1009.9001739501953
574,1164.8631494494452,1009.0244394938151
575,1159.2458898571954,1008.908681233724
576,1165.0894209267437,1007.6546966552735
577,1158.7667320362036,1018.8381469726562
578,1150.2521609983582,1018.5766001383464
579,1158.9033587911854,1006.6188852945963
580,1160.7977263962014,997.6833343505859
581,1162.50818136464,1033.654227701823
582,1146.757814269135,1009.8387054443359
583,1145.6344569109488,1026.5215881347656
584,1166.4656832045403,1011.8993459065755
585,1158.0901878467505,1009.6026814778646
586,1163.6657670615375,1012.9899759928386
587,1150.5061994911969,1013.790928141276
588,1157.1214511152627,1010.6559967041015
589,1158.982662477355,1007.255800374349
590,1157.3682242130888,1005.7203257242838
591,1150.4628605497055,1000.0360758463542
592,1152.7584675222204,1007.4333872477214
593,1151.083028157552,1007.1467987060547
594,1158.5517383520155,1012.1005177815755
595,1154.4455256807632,1013.3172983805339
596,1162.542702495188,997.9671813964844
597,1165.2122364873471,1015.9225911458333
598,1149.915068253227,1019.9162180582682
599,1152.4947801672895,1010.6041666666666
600,1151.2195018823595,1020.0777191162109
601,1158.5818830849469,1004.7883443196614
602,1155.4526464489923,1017.6392832438152
603,1160.3341975557632,1003.9504364013671
604,1160.3367526289346,1018.9202036539714
605,1143.3902592313461,1002.9128234863281
606,1161.7302254939425,1002.35576171875
607,1162.669657389323,1010.5197580973307
608,1149.1255939870641,1005.2149190266927
609,1160.0012790845788,1002.7990305582682
610,1156.18347079512,1007.8018727620442
611,1148.0340925576031,1015.5659851074219
612,1156.5689122296762,995.8129048665364
613,1160.388301241225,1011.3789143880208
614,1157.454810101053,1006.1195526123047
615,1150.8037817028985,990.3645741780599
616,1169.5396352574446,1004.8514200846354
617,1154.3746983624887,1005.5958526611328
618,1157.5900286246037,1011.991133626302
619,1160.6544441554856,1010.0802876790365
620,1164.9387043386266,1015.1708475748698
621,1155.2021108433821,993.0279520670573
622,1149.6416404834692,1005.2169260660808
623,1166.1960219231205,1026.8696075439452
624,1158.3897147800612,1012.6076497395833
625,1163.7137800576031,1008.7279307047526
626,1158.699828216995,1001.7114624023437
627,1161.9107940231545,1009.609141031901
628,1153.6321977256,1010.5457702636719
629,1150.7162250021229,1016.3869669596354
630,1160.2641853664231,1005.5674713134765
631,1151.1601898635643,1017.5747721354167
632,1154.0784456557121,994.5943552652994
633,1158.1015629422836,1005.5271209716797
634,1150.8002540477808,995.4494323730469
635,1149.9269033238509,997.8777750651042
636,1153.3891884624095,1003.1244303385416
637,1150.2464741140172,1003.8948944091796
638,1152.1969569109488,1019.6571400960287
639,1163.2484493532043,1003.1155731201172
640,1156.9656725897305,1014.7651428222656
641,1158.5408842667289,1001.028286743164
642,1158.5373274208844,1020.9666585286458
643,1153.115375905797,1007.4038228352864
644,1163.6553419914799,999.8000600179037
645,1159.8301086425781,1000.3468251546224
646,1160.706350133039,1001.401426188151
647,1150.5605234339616,1005.4643564860027
648,1156.0860100345335,992.6121114095052
649,1163.5319112141926,1000.1033538818359
650,1157.6442481884058,1011.9047526041667
651,1166.8445332845051,994.7321044921875
652,1147.270893483922,1000.6771280924479
653,1158.1202211241791,997.8968943277995
654,1151.7729770826256,1003.3311258951823
655,1144.329420891361,994.0164967854818
656,1146.5635964213939,991.1890299479167
657,1161.0987420565841,1008.8686391194661
658,1156.1028707753057,1004.0015319824219
659,1164.2513940783515,1001.1958485921224
660,1157.1886578988338,1012.6625305175781
661,1162.6024890844374,1000.2385976155599
662,1148.5611833213031,993.413173421224
663,1156.3873715608017,1017.0463043212891
664,1156.5633115906646,1007.7370045979818
665,1160.793866585994,998.4863830566406
666,1156.7952044943104,1015.2940322875977
667,1162.8705382416215,1014.3664388020833
668,1157.4923281462295,990.7305765787761
669,1153.298507027004,1010.0746175130208
670,1150.063768469769,1015.5856872558594
671,1154.4604151629019,1022.0284962972005
672,1153.2981846021569,996.6850708007812
673,1144.7956622579823,1021.6589782714843
674,1160.2691225798233,1007.7814727783203
675,1154.8610481593919,1006.0728393554688
676,1148.2910443734431,1001.5300964355469
677,1149.7050790095675,989.4011494954427
678,1169.6866419695425,1023.8053914388021
679,1161.9315561488054,998.6810506184896
680,1161.6151034590127,1023.3208557128906
681,1143.0878233978715,1005.670176188151
682,1162.487225960994,1002.2029530843099
683,1155.452704830446,1007.8091176350912
684,1167.1766852779665,1002.2784942626953
685,1151.3454532346864,1004.9349721272787
686,1152.082475302876,991.6004689534506
687,1162.726465197577,1006.9704213460286
688,1161.8648885091145,1006.3429219563802
689,1156.4335327148438,1001.3908966064453
690,1160.4246786366339,996.9936482747396
691,1160.1410089022872,1006.6698486328125
692,1153.6729904395947,1008.122748819987
693,1168.1549753382585,1002.5512247721355
694,1155.5062238168025,1017.9381907145182
695,1154.1547497735507,1013.0018575032552
696,1145.0273609990659,1012.6164408365886
697,1157.2939103720844,1020.1352518717448
698,1148.9000836800838,1000.7245900472005
699,1141.8025525963824,1013.547538248698
700,1145.90661886464,989.832607014974
701,1148.73095703125,1002.2548756917317
702,1156.309404898381,995.7843037923177
703,1160.006683791893,997.8089528401692
704,1166.1678833892379,1019.0797180175781
705,1150.4414650737376,1005.5525950113932
706,1155.6007920417233,1006.7072723388671
707,1158.5265078337295,1014.6898315429687
708,1156.7356532000113,1008.7628601074218
709,1149.3716306824615,1003.7200531005859
710,1157.8053283691406,1002.9659138997396
711,1154.9219090558481,1012.0720418294271
712,1152.2103054765341,1005.4663431803385
713,1153.280172596807,1006.5428944905599
714,1149.789067807405,1032.0951873779297
715,1154.6506069017494,1003.9087422688802
716,1162.2071223604507,1000.7993581136068
717,1147.5224702254586,1005.1904022216797
718,1154.2453073695085,995.7337514241536
719,1143.4423965232959,1004.6622589111328
720,1163.139083198879,1002.8767364501953
721,1145.7380937216938,1000.3512471516927
722,1144.9251195935235,997.1696044921875
723,1157.3388340162194,1008.9385772705078
724,1168.7212519991226,993.2793029785156
725,1141.7661154926686,998.6182474772136
726,1150.9279754196389,1008.6821105957031
727,1158.7182705644248,1005.7795196533203
728,1155.3552104562953,1007.4025695800781
729,1150.2232055664062,1015.958637491862
730,1153.9645633421082,1002.3549204508464
731,1156.3261855857959,1006.486153157552
732,1155.9452780018682,1000.5815979003906
733,1149.8395403433537,1011.9728169759114
734,1160.8685116975205,995.1715464274089
735,1148.3599946395211,1000.3138997395833
736,1148.1799236795177,1001.1940155029297
737,1156.4733037533967,992.9639078776041
738,1147.5234989774399,992.8189219156901
739,1165.0446149300838,995.9892262776692
740,1158.6672610960145,995.3478535970052
741,1148.9883913786514,998.0258768717448
742,1150.8640260558197,1009.7262430826823
743,1146.1891107973845,998.787944539388
744,1156.5413327424424,997.1716156005859
745,1158.1067770253057,998.4953063964844
746,1154.8179772418478,993.1154261271159
747,1164.51111105214,1000.4534871419271
748,1148.2885565274003,1001.0522979736328
749,1148.717602715976,1018.4200958251953
750,1159.5228718190954,1009.9314707438151
751,1142.6895645805027,1001.6865010579427
752,1151.7977847776551,998.4743947347005
753,1151.2346288708673,998.5762008666992
754,1148.9536039932914,991.3590708414714
755,1157.6652451667233,1008.6674123128255
756,1139.9976934902909,1006.6858194986979
757,1158.6828400985055,1001.5941853841146
758,1161.0128832830899,1021.5401102701823
759,1160.917675073596,1004.0639282226563
760,1149.7873973017154,1000.6878824869792
761,1160.5494176892266,999.7006469726563
762,1167.5007204802139,998.464453125
763,1158.4642258796139,1005.5864685058593
764,1152.8072890129642,1014.0336705525716
765,1172.2537001457767,1007.9228444417317
766,1158.8858863719995,1004.2102254231771
767,1158.0532491932745,1003.2867319742838
768,1150.977829200634,1001.3245524088542
769,1155.012058423913,1002.8866282145183
770,1157.0129266268966,1006.3606658935547
771,1156.752145960711,1009.9630605061849
772,1159.8675373464391,1002.2062845865886
773,1149.3354682369509,1005.751639811198
774,1143.1969715063124,1021.2447591145833
775,1165.5509838159533,997.1938100179036
776,1166.5144202190897,990.6579722086589
777,1148.2645993440049,1016.5753712972005
778,1154.9801905535269,994.4456410725911
779,1160.0938052854676,1013.506016031901
780,1158.5380801878114,1000.7672882080078
781,1155.3189710534136,1004.1801228841146
782,1150.9708826921988,1023.7712432861329
783,1142.6264723625736,993.8719614664714
784,1153.9201089610224,1005.3021738688151
785,1153.1728710229845,1004.9744893391927
786,1142.2356355086617,1010.0329040527344
787,1155.7522286677706,1002.0907694498698
788,1159.5024829809217,1005.4506673177083
789,1147.677102793818,1015.097504679362
790,1160.9738123796988,1016.1065928141276
791,1161.3490308678668,997.4497233072917
792,1149.3463577049365,1003.6135101318359
793,1156.3771313653476,992.3577494303386
794,1141.8158180126245,999.7471516927084
795,1156.934739264889,1005.2356440226237
796,1163.612493984941,997.1108571370443
797,1156.0001269354336,1004.2529724121093
798,1151.3182120945144,999.74599609375
799,1154.0477909696274,996.3527414957682
800,1150.9952113939369,1005.1427734375
801,1148.4653360118036,1007.8067606608073
802,1135.881077863168,1009.4188130696615
803,1157.0410580842392,1006.8665506998698
804,1151.8831159066463,1029.7957000732422
805,1155.9589883555536,1021.0435628255208
806,1158.5866778829823,999.7453989664714
807,1152.9213517783344,1042.9506571451823
808,1142.2414214645607,993.9553161621094
809,1151.4434411974921,1001.7258076985677
810,1164.3186154572861,1003.955977376302
811,1148.0990600585938,1012.5706431070963
812,1155.7956175873246,1014.5428538004558
813,1164.2995565663214,1002.6180735270183
814,1152.321652619735,996.9834655761719
815,1144.6935371730638,990.6888895670573
816,1155.9444902945256,1010.5751424153646
817,1148.0119717362998,996.4002014160156
818,1150.4425544185915,998.7139017740885
819,1150.6450018399003,999.5008605957031
820,1151.6977074664571,1000.1508605957031
821,1153.4831016651099,1000.4319590250651
822,1152.7720695163894,1012.3922139485677
823,1152.6031644517097,1004.660331217448
824,1158.5848596545234,1004.7860895792643
825,1166.8175119593523,1007.1289011637369
826,1141.941331061764,990.663759358724
827,1160.2714635876641,994.2911448160808
828,1154.4497300300045,1005.2345296223958
829,1162.4760936792345,1011.8261423746745
830,1146.6000989831011,1001.950385538737
831,1156.6968485514324,998.1230061848959
832,1163.879585597826,994.6833526611329
833,1147.3171408832936,996.499989827474
834,1146.064530082371,996.2367909749349
835,1154.7199344358582,1004.7588134765625
836,1160.1330486795177,1004.8591766357422
837,1160.3663223930027,1007.6526957194011
838,1145.082253276438,1001.2156127929687
839,1161.8456328018851,987.2809448242188
840,1150.876196819803,1014.5603047688802
841,1150.9029169497283,995.0825347900391
842,1146.6256908472033,998.0802139282226
843,1148.0240000849185,993.2101557413737
844,1141.7506740404212,992.9246693929036
845,1156.939897177876,997.7133809407552
846,1147.0254167197406,1011.274239095052
847,1159.8848027768342,1006.015684000651
848,1154.5855969415195,999.0851664225261
849,1163.0061048424761,996.479237874349
850,1158.7499566561935,1007.0991892496745
851,1143.4184840105581,1006.6322977701823
852,1152.4688654360564,996.8618275960287
853,1147.594579724298,997.1796600341797
854,1153.6398372926574,1004.5579874674479
855,1162.6554353133492,998.8502838134766
856,1156.0193295686142,1005.313389078776
857,1160.3173018745754,1016.8061513264973
858,1150.3284859035325,998.2621897379557
859,1152.5242455523946,997.2620086669922
860,1148.7820147085881,1017.0030985514323
861,1154.0577441229336,993.460986328125
862,1160.1194281094315,1009.7968831380208
863,1157.71680041327,1005.6163553873698
864,1154.8304385862489,990.6808024088542
865,1167.4654222571332,1000.4769571940104
866,1149.510101760643,1006.445625813802
867,1158.1577174974525,1000.2671152750651
868,1156.0405335357223,1001.2109344482421
869,1151.2579792409704,999.7799357096354
870,1150.483809761379,992.7318084716796
871,1148.9057745449784,999.9017374674479
872,1156.7377279530401,998.5453063964844
873,1155.042386704597,991.16640625
874,1149.4921507904496,990.8676534016927
875,1164.4291045700295,994.2643432617188
876,1153.1961382437444,993.808403523763
877,1162.4720189191294,995.5443593343099
878,1145.2840947690217,997.1562866210937
879,1160.2662455240886,989.3489074707031
880,1155.2086712381115,992.9355428059896
881,1147.4859742980072,1006.8120229085287
882,1160.9079749065897,994.835503133138
883,1160.0541815274003,1026.4972747802735
884,1143.6934411974921,994.1817047119141
885,1155.1594269241111,1000.3924957275391
886,1158.495014577672,989.903818766276
887,1155.9772091188293,1005.51513671875
888,1158.1048968771229,1007.363047281901
889,1152.2191016155741,1006.8321848551433
890,1156.3049152761266,1008.5429239908855
891,1140.0543809973676,1002.431553141276
892,1158.7355430713599,1006.9735260009766
893,1153.7557872827501,1010.3630584716797
894,1148.808081585428,993.7913065592448
895,1149.9677862637284,1009.10159962972
896,1159.4037365015001,994.8728169759114
897,1141.0917340707088,996.5397822062174
898,1152.0836504507756,1002.7113759358724
899,1147.5509608171988,991.6637817382813
900,1146.2925547724185,995.3994455973308
901,1166.5622036698935,1012.1415252685547
902,1146.5669369904892,995.4056528727214
903,1150.9587473109148,1016.950639851888
904,1149.4337777400362,986.4549601236979
905,1151.1743986710258,1004.9176905314127
906,1156.3790278780289,1006.741630045573
907,1153.3401254847429,990.323861694336
908,1162.9662674613621,986.4455942789714
909,1158.1970497905345,998.1416442871093
910,1158.5631116784136,1005.7591542561848
911,1153.2199313398721,991.3842854817708
912,1141.9663554758265,989.8142700195312
913,1163.1573539402175,999.0807083129882
914,1148.4541661359262,1000.4628824869792
915,1152.7175231049027,1006.6311981201172
916,1147.61169698964,1000.9789428710938
917,1152.2340468254642,990.3802912394206
918,1146.054397361866,998.3347737630208
919,1155.4866067637568,993.9274780273438
920,1154.967309039572,1001.0792388916016
921,1155.1976225479789,989.0357828776042
922,1142.285079292629,984.3806304931641
923,1148.755418860394,999.1378153483073
924,1142.1456029035044,989.1088073730468
925,1146.4280643186707,996.142788696289
926,1143.0552872367527,990.0590443929036
927,1158.9070898968241,1004.7272878011067
928,1168.2192856056104,1013.3387034098307
929,1148.4104371001754,995.2138987223308
930,1147.8260630731997,994.8805597941081
931,1145.8337813667629,997.8908111572266
932,1142.358574466429,1001.7937052408854
933,1154.5909622855809,982.8268900553386
934,1145.556806039119,1015.0771942138672
935,1146.4891883739526,995.0913401285808
936,1155.5539440210314,993.9286163330078
937,1137.1952351003454,997.863168334961
938,1160.2441043577332,1011.0074890136718
939,1154.7891730709352,993.8850413004558
940,1154.3971163984659,1014.9575561523437
941,1147.2787763070369,989.8290018717448
942,1153.311422596807,991.6353149414062
943,1160.1192273126132,986.1345611572266
944,1154.9335800392041,985.7644093831381
945,1149.3747381680253,996.1938883463541
946,1149.2307429659195,993.9058858235677
947,1143.3229454151099,987.8184346516927
948,1154.6129260961561,1003.7895538330079
949,1142.3619398034136,988.1124104817708
950,1150.96667392012,1003.9315745035807
951,1139.2030630802763,1002.812907409668
952,1155.0022556470788,1013.8544911702473
953,1151.6629974807518,998.1662373860677
954,1134.9359732365263,1012.8774017333984
955,1156.9488189254982,1020.3734191894531
956,1162.3951579660609,1002.0926701863607
957,1145.2173404417176,994.5498413085937
958,1151.2426368602808,988.322299194336
959,1138.4710127236187,1003.6763565063477
960,1153.8676019198654,995.6809310913086
961,1161.4826947640681,1002.544502766927
962,1137.4771197775135,996.5741404215495
963,1149.4530728105185,994.6284088134765
964,1151.1053701207259,985.4272521972656
965,1144.4058311572974,1003.7016652425131
966,1145.0846610691237,1003.7230433146159
967,1152.9745164954145,990.675703938802
968,1152.8267384404721,1003.081640625
969,1149.5526246886322,1005.1603871663411
970,1149.044066498245,1001.4549194335938
971,1145.5317780867867,992.049673461914
972,1161.779274760813,988.2116617838542
973,1144.3069519927535,988.5582407633464
974,1149.370333906533,990.4540771484375
975,1159.0451841492584,995.7940012613932
976,1151.5485450634058,992.0392252604166
977,1144.7868762914686,993.7438883463542
978,1165.9222482874773,990.1421752929688
979,1153.7031674592392,993.0659230550131
980,1152.1061914416327,1001.4558990478515
981,1144.5816752115886,987.5803110758463
982,1147.9298476067142,999.8265686035156
983,1152.6307850713315,982.6038777669271
984,1154.8559123605921,996.4000956217448
985,1157.0729772595391,994.4774485270183
986,1152.3170024484828,995.1186818440755
987,1140.7308884772701,989.5064748128256
988,1141.9168444647305,984.1584360758463
989,1149.2904287144759,997.2514689127604
990,1150.3311732195425,993.3615488688151
991,1153.1218562471695,993.5687505086263
992,1148.9705054241679,992.1003570556641
993,1156.5282977560291,984.6849487304687
994,1157.6751359580219,1005.2009592692058
995,1154.8250971255095,990.3097249348958
996,1143.7998896059783,995.1541239420573
997,1145.8494205198426,992.7267395019531
998,1142.524579476619,998.5972147623698
999,1144.1955354110055,991.0048899332683
1000,1148.3959863635077,992.3673350016276
